{"start_accuracy": 0.3695652173913043, "end_accuracy": 0.45652173913043476, "start_f1": 0.41392718275008844, "end_f1": 0.45962732919254656}
