{"start_accuracy": 0.1956521739130435, "end_accuracy": 0.34782608695652173, "start_f1": 0.2294685990338164, "end_f1": 0.3659420289855072}
