{"start_accuracy": 0.41304347826086957, "end_accuracy": 0.5434782608695652, "start_f1": 0.4168145519077196, "end_f1": 0.5545893719806763}
